{"cameraMode":{"drawMode":0,"name":"Shaded","section":"Shading Mode"},"sceneLighting":true,"audioPlay":false,"sceneViewState":{"showFog":true,"showMaterialUpdate":false,"showSkybox":true,"showFlares":true,"showImageEffects":true,"showParticleSystems":true},"in2DMode":false,"pivot":{"x":732.5297241210938,"y":278.0,"z":-5.356313228607178},"rotation":{"x":0.01589423418045044,"y":0.017085758969187738,"z":-0.000312196061713621,"w":0.999727725982666},"size":1125.7374267578125,"orthographic":true}